match_id,tournament_id,venue_id,match_date,team_1,team_2,toss_winner,toss_decision,batting_team,chasing_team,player_of_match,match_winner,match_win_by_runs,match_win_by_wickets,highlights_url,match_url,match_description
0,5,26,['2017-04-05'],202,143,143,field,202,143,3273,202,35,NA,NA,NA,NA
1,5,45,['2017-04-06'],370,571,370,field,571,370,7901,370,NA,7,NA,NA,NA
2,5,24,['2017-04-07'],531,505,505,field,531,505,7672,505,NA,10,NA,NA,NA
3,5,31,['2017-04-08'],147,370,147,field,370,147,7624,147,NA,6,NA,NA,NA
4,5,44,['2017-04-08'],143,161,143,bat,143,161,2475,143,15,NA,NA,NA,NA
5,5,26,['2017-04-09'],202,531,202,field,531,202,3949,202,NA,9,NA,NA,NA
6,5,41,['2017-04-09'],571,505,571,field,505,571,2938,571,NA,4,NA,NA,NA
7,5,31,['2017-04-10'],147,143,143,bat,143,147,2801,147,NA,8,NA,NA,NA
8,5,45,['2017-04-11'],370,161,370,field,161,370,2926,161,97,NA,NA,NA,NA
9,5,41,['2017-04-12'],571,202,571,field,202,571,2125,571,NA,4,NA,NA,NA
10,5,28,['2017-04-13'],505,147,505,field,147,505,9356,505,NA,8,NA,NA,NA
11,5,44,['2017-04-14'],143,571,571,field,143,571,9370,571,NA,4,NA,NA,NA
12,5,24,['2017-04-14'],531,370,531,field,370,531,7959,531,NA,7,NA,NA,NA
13,5,28,['2017-04-15'],505,202,202,field,505,202,3009,505,17,NA,NA,NA,NA
14,5,6,['2017-04-15'],161,147,161,bat,161,147,1674,161,51,NA,NA,NA,NA
15,5,41,['2017-04-16'],571,531,571,field,531,571,2938,571,NA,6,NA,NA,NA
16,5,44,['2017-04-16'],143,370,143,field,370,143,6482,370,27,NA,NA,NA,NA
17,5,6,['2017-04-17'],161,505,161,bat,161,505,7283,505,NA,4,NA,NA,NA
18,5,26,['2017-04-17'],202,147,147,field,202,147,2401,202,5,NA,NA,NA,NA
19,5,24,['2017-04-18'],531,143,531,field,143,531,9246,143,21,NA,NA,NA,NA
20,5,26,['2017-04-19'],202,161,202,bat,202,161,2049,202,15,NA,NA,NA,NA
21,5,31,['2017-04-20'],147,571,571,field,147,571,5203,571,NA,8,NA,NA,NA
22,5,28,['2017-04-21'],505,531,531,field,505,531,2969,531,NA,4,NA,NA,NA
23,5,41,['2017-04-22'],571,161,161,field,571,161,1917,571,14,NA,NA,NA,NA
24,5,45,['2017-04-22'],370,202,370,field,202,370,2235,370,NA,6,NA,NA,NA
25,5,24,['2017-04-23'],531,147,531,field,147,531,8127,147,26,NA,NA,NA,NA
26,5,28,['2017-04-23'],505,143,143,field,505,143,7283,505,82,NA,NA,NA,NA
27,5,41,['2017-04-24'],571,370,571,field,370,571,6482,370,3,NA,NA,NA,NA
28,5,45,['2017-04-26'],370,505,505,field,370,505,3009,505,NA,7,NA,NA,NA
29,5,44,['2017-04-27'],143,531,531,field,143,531,7959,531,NA,7,NA,NA,NA
30,5,28,['2017-04-28'],505,161,505,field,161,505,2364,505,NA,7,NA,NA,NA
31,5,10,['2017-04-28'],147,202,147,field,202,147,3949,202,26,NA,NA,NA,NA
32,5,45,['2017-04-29'],370,143,143,field,370,143,1788,370,61,NA,NA,NA,NA
33,5,24,['2017-04-29'],531,571,531,bat,531,571,2854,TIE,NA,NA,NA,NA,NA
34,5,10,['2017-04-30'],147,161,147,field,161,147,2919,147,NA,10,NA,NA,NA
35,5,26,['2017-04-30'],202,505,505,field,202,505,8038,202,48,NA,NA,NA,NA
36,5,41,['2017-05-01'],571,143,143,bat,143,571,2818,571,NA,5,NA,NA,NA
37,5,45,['2017-05-01'],370,531,370,field,531,370,6482,370,NA,5,NA,NA,NA
38,5,6,['2017-05-02'],161,202,161,field,202,161,2535,161,NA,6,NA,NA,NA
39,5,28,['2017-05-03'],505,370,370,field,505,370,2983,370,NA,4,NA,NA,NA
40,5,6,['2017-05-04'],161,531,161,field,531,161,2852,161,NA,7,NA,NA,NA
41,5,44,['2017-05-05'],143,147,143,field,147,143,2919,147,19,NA,NA,NA,NA
42,5,26,['2017-05-06'],202,370,202,field,370,202,3013,370,12,NA,NA,NA,NA
43,5,6,['2017-05-06'],161,571,161,field,571,161,9435,571,146,NA,NA,NA,NA
44,5,44,['2017-05-07'],143,505,505,field,143,505,9356,505,NA,6,NA,NA,NA
45,5,10,['2017-05-07'],147,531,531,field,147,531,9429,531,NA,6,NA,NA,NA
46,5,26,['2017-05-08'],202,571,571,bat,571,202,2237,202,NA,7,NA,NA,NA
47,5,10,['2017-05-09'],147,505,505,field,147,505,2747,147,14,NA,NA,NA,NA
48,5,5,['2017-05-10'],531,161,161,field,531,161,2413,161,NA,2,NA,NA,NA
49,5,41,['2017-05-11'],571,147,571,field,147,571,2954,147,7,NA,NA,NA,NA
50,5,6,['2017-05-12'],161,370,161,bat,161,370,2620,161,7,NA,NA,NA,NA
51,5,5,['2017-05-13'],531,202,202,field,531,202,2534,202,NA,8,NA,NA,NA
52,5,28,['2017-05-13'],505,571,505,field,571,505,2864,571,9,NA,NA,NA,NA
53,5,45,['2017-05-14'],370,147,370,field,147,370,3013,370,NA,9,NA,NA,NA
54,5,6,['2017-05-14'],161,143,143,bat,143,161,2790,143,10,NA,NA,NA,NA
55,5,41,['2017-05-16'],571,370,571,field,370,571,3239,370,20,NA,NA,NA,NA
56,5,44,"['2017-05-17,2017-05-18']",202,505,505,field,202,505,7283,505,NA,7,NA,NA,NA
57,5,44,['2017-05-19'],571,505,571,field,505,571,2749,571,NA,6,NA,NA,NA
58,5,26,['2017-05-21'],571,370,571,bat,571,370,2854,571,1,NA,NA,NA,NA
59,5,41,['2018-04-07'],571,470,470,field,571,470,9129,470,NA,1,NA,NA,NA
60,5,14,['2018-04-08'],161,147,147,field,161,147,2974,147,NA,6,NA,NA,NA
61,5,28,['2018-04-08'],143,505,505,field,143,505,9356,505,NA,4,NA,NA,NA
62,5,26,['2018-04-09'],165,202,202,field,165,202,2237,202,NA,9,NA,NA,NA
63,5,11,['2018-04-10'],505,470,470,field,505,470,5344,470,NA,5,NA,NA,NA
64,5,12,['2018-04-11'],165,161,161,field,165,161,2926,165,10,NA,NA,NA,NA
65,5,26,['2018-04-12'],571,202,202,field,571,202,3949,202,NA,1,NA,NA,NA
66,5,44,['2018-04-13'],147,143,143,field,147,143,3286,143,NA,4,NA,NA,NA
67,5,41,['2018-04-14'],571,161,161,field,571,161,6562,161,NA,7,NA,NA,NA
68,5,28,['2018-04-14'],505,202,202,field,505,202,7880,202,NA,5,NA,NA,NA
69,5,44,['2018-04-15'],165,143,143,field,165,143,2926,165,19,NA,NA,NA,NA
70,5,14,['2018-04-15'],147,470,470,field,147,470,9246,147,4,NA,NA,NA,NA
71,5,28,['2018-04-16'],505,161,161,field,505,161,2938,505,71,NA,NA,NA,NA
72,5,41,['2018-04-17'],571,143,143,field,571,143,2818,571,46,NA,NA,NA,NA
73,5,12,['2018-04-18'],165,505,505,field,165,505,2938,505,NA,7,NA,NA,NA
74,5,14,['2018-04-19'],147,202,147,bat,147,202,9246,147,15,NA,NA,NA,NA
75,5,45,['2018-04-20'],470,165,165,field,470,165,8034,470,64,NA,NA,NA,NA
76,5,28,['2018-04-21'],505,147,147,field,505,147,2974,147,NA,9,NA,NA,NA
77,5,44,['2018-04-21'],161,143,143,field,161,143,8304,143,NA,6,NA,NA,NA
78,5,26,['2018-04-22'],470,202,202,field,470,202,2864,470,4,NA,NA,NA,NA
79,5,12,['2018-04-22'],571,165,571,bat,571,165,9111,165,NA,3,NA,NA,NA
80,5,13,['2018-04-23'],147,161,161,field,147,161,2962,147,4,NA,NA,NA,NA
81,5,41,['2018-04-24'],202,571,571,field,202,571,3949,202,31,NA,NA,NA,NA
82,5,44,['2018-04-25'],143,470,470,field,143,470,2235,470,NA,5,NA,NA,NA
83,5,26,['2018-04-26'],202,147,147,field,202,147,2962,202,13,NA,NA,NA,NA
84,5,13,['2018-04-27'],161,505,505,field,161,505,2413,161,55,NA,NA,NA,NA
85,5,45,['2018-04-28'],470,571,571,field,470,571,2818,571,NA,8,NA,NA,NA
86,5,12,['2018-04-29'],202,165,202,bat,202,165,2049,202,11,NA,NA,NA,NA
87,5,44,['2018-04-29'],143,505,505,field,143,505,7672,505,NA,6,NA,NA,NA
88,5,45,['2018-04-30'],470,161,161,field,470,161,8034,470,13,NA,NA,NA,NA
89,5,44,['2018-05-01'],143,571,571,field,143,571,1997,143,14,NA,NA,NA,NA
90,5,13,['2018-05-02'],161,165,165,field,161,165,2852,161,4,NA,NA,NA,NA
91,5,28,['2018-05-03'],470,505,505,field,470,505,9356,505,NA,6,NA,NA,NA
92,5,31,['2018-05-04'],147,571,571,field,147,571,3291,571,NA,6,NA,NA,NA
93,5,45,['2018-05-05'],143,470,470,field,143,470,2481,470,NA,6,NA,NA,NA
94,5,26,['2018-05-05'],161,202,161,bat,161,202,3949,202,NA,7,NA,NA,NA
95,5,41,['2018-05-06'],571,505,505,field,571,505,2855,571,13,NA,NA,NA,NA
96,5,31,['2018-05-06'],165,147,147,field,165,147,604,147,NA,6,NA,NA,NA
97,5,26,['2018-05-07'],202,143,143,field,202,143,2049,202,5,NA,NA,NA,NA
98,5,12,['2018-05-08'],165,147,165,bat,165,147,5203,165,15,NA,NA,NA,NA
99,5,28,['2018-05-09'],571,505,505,field,571,505,2419,571,102,NA,NA,NA,NA
100,5,13,['2018-05-10'],161,202,161,bat,161,202,2237,202,NA,9,NA,NA,NA
101,5,12,['2018-05-11'],470,165,470,bat,470,165,5203,165,NA,4,NA,NA,NA
102,5,31,['2018-05-12'],505,147,147,field,505,147,9356,505,31,NA,NA,NA,NA
103,5,13,['2018-05-12'],161,143,143,field,161,143,8304,143,NA,5,NA,NA,NA
104,5,45,['2018-05-13'],202,470,470,field,202,470,2864,470,NA,8,NA,NA,NA
105,5,41,['2018-05-13'],571,165,165,field,571,165,5203,165,NA,7,NA,NA,NA
106,5,31,['2018-05-14'],147,143,143,field,147,143,3286,143,NA,10,NA,NA,NA
107,5,28,['2018-05-15'],165,505,505,field,165,505,2405,505,NA,6,NA,NA,NA
108,5,41,['2018-05-16'],571,147,147,field,571,147,2125,571,3,NA,NA,NA,NA
109,5,44,['2018-05-17'],143,202,202,field,143,202,8304,143,14,NA,NA,NA,NA
110,5,13,['2018-05-18'],161,470,470,field,161,470,2790,161,34,NA,NA,NA,NA
111,5,12,['2018-05-19'],165,143,165,bat,165,143,2322,165,30,NA,NA,NA,NA
112,5,26,['2018-05-19'],202,505,202,bat,202,505,7672,505,NA,5,NA,NA,NA
113,5,13,['2018-05-20'],161,571,161,bat,161,571,2545,161,11,NA,NA,NA,NA
114,5,45,['2018-05-20'],147,470,470,field,147,470,8738,470,NA,5,NA,NA,NA
115,5,41,['2018-05-22'],202,470,470,field,202,470,8260,470,NA,2,NA,NA,NA
116,5,28,['2018-05-23'],505,165,165,field,505,165,9394,505,25,NA,NA,NA,NA
117,5,28,['2018-05-25'],202,505,505,field,202,505,3949,202,14,NA,NA,NA,NA
118,5,41,['2018-05-27'],202,470,470,field,202,470,8034,470,NA,8,NA,NA,NA
119,5,11,['2019-03-23'],143,470,470,field,143,470,2391,470,NA,7,NA,NA,NA
120,5,28,['2019-03-24'],202,505,505,field,202,505,9394,505,NA,6,NA,NA,NA
121,5,41,['2019-03-24'],161,571,571,field,161,571,2852,161,37,NA,NA,NA,NA
122,5,12,['2019-03-25'],147,165,165,field,147,165,9246,147,14,NA,NA,NA,NA
123,5,13,['2019-03-26'],161,470,161,bat,161,470,8034,470,NA,6,NA,NA,NA
124,5,28,['2019-03-27'],505,147,147,field,505,147,9394,505,28,NA,NA,NA,NA
125,5,44,['2019-03-28'],571,143,143,field,571,143,2125,571,6,NA,NA,NA,NA
126,5,26,['2019-03-29'],165,202,165,bat,165,202,3949,202,NA,5,NA,NA,NA
127,5,14,['2019-03-30'],571,147,147,field,571,147,2148,147,NA,8,NA,NA,NA
128,5,13,['2019-03-30'],505,161,161,field,505,161,2729,TIE,NA,NA,NA,NA,NA
129,5,26,['2019-03-31'],202,143,143,field,202,143,5482,202,118,NA,NA,NA,NA
130,5,11,['2019-03-31'],470,165,165,field,470,165,2235,470,8,NA,NA,NA,NA
131,5,14,['2019-04-01'],147,161,161,field,147,161,5420,147,14,NA,NA,NA,NA
132,5,12,['2019-04-02'],143,165,165,field,143,165,2322,165,NA,7,NA,NA,NA
133,5,41,['2019-04-03'],571,470,470,field,571,470,2855,571,37,NA,NA,NA,NA
134,5,13,['2019-04-04'],161,202,202,field,161,202,5482,202,NA,5,NA,NA,NA
135,5,44,['2019-04-05'],143,505,505,field,143,505,9394,505,NA,5,NA,NA,NA
136,5,11,['2019-04-06'],470,147,470,bat,470,147,2391,470,22,NA,NA,NA,NA
137,5,26,['2019-04-06'],571,202,202,field,571,202,9283,571,40,NA,NA,NA,NA
138,5,44,['2019-04-07'],143,161,161,field,143,161,8933,161,NA,4,NA,NA,NA
139,5,12,['2019-04-07'],165,505,505,field,165,505,5898,505,NA,8,NA,NA,NA
140,5,14,['2019-04-08'],202,147,147,field,202,147,2974,147,NA,6,NA,NA,NA
141,5,11,['2019-04-09'],505,470,470,field,505,470,2287,470,NA,7,NA,NA,NA
142,5,41,['2019-04-10'],147,571,571,field,147,571,9370,571,NA,3,NA,NA,NA
143,5,12,['2019-04-11'],165,470,470,field,165,470,2235,470,NA,4,NA,NA,NA
144,5,28,['2019-04-12'],505,161,161,field,505,161,2237,161,NA,7,NA,NA,NA
145,5,41,['2019-04-13'],571,165,165,field,571,165,5203,165,NA,4,NA,NA,NA
146,5,14,['2019-04-13'],147,143,143,field,147,143,8304,143,NA,8,NA,NA,NA
147,5,28,['2019-04-14'],505,470,470,field,505,470,8473,470,NA,5,NA,NA,NA
148,5,26,['2019-04-14'],161,202,202,field,161,202,9383,161,39,NA,NA,NA,NA
149,5,41,['2019-04-15'],143,571,571,field,143,571,4634,571,NA,5,NA,NA,NA
150,5,14,['2019-04-16'],147,165,165,field,147,165,2079,147,12,NA,NA,NA,NA
151,5,26,['2019-04-17'],470,202,470,bat,470,202,8038,202,NA,6,NA,NA,NA
152,5,13,['2019-04-18'],571,161,571,bat,571,161,2855,571,40,NA,NA,NA,NA
153,5,28,['2019-04-19'],143,505,505,field,143,505,2422,143,10,NA,NA,NA,NA
154,5,12,['2019-04-20'],571,165,165,field,571,165,7901,165,NA,5,NA,NA,NA
155,5,13,['2019-04-20'],147,161,161,field,147,161,2413,161,NA,5,NA,NA,NA
156,5,26,['2019-04-21'],505,202,202,field,505,202,2136,202,NA,9,NA,NA,NA
157,5,44,['2019-04-21'],143,470,470,field,143,470,2783,143,1,NA,NA,NA,NA
158,5,12,['2019-04-22'],165,161,161,field,165,161,2852,161,NA,6,NA,NA,NA
159,5,11,['2019-04-23'],202,470,470,field,202,470,8034,470,NA,6,NA,NA,NA
160,5,44,['2019-04-24'],143,147,147,field,143,147,8304,143,17,NA,NA,NA,NA
161,5,28,['2019-04-25'],505,165,165,field,505,165,2177,165,NA,3,NA,NA,NA
162,5,11,['2019-04-26'],571,470,470,field,571,470,2818,571,46,NA,NA,NA,NA
163,5,12,['2019-04-27'],202,165,165,field,202,165,3013,165,NA,7,NA,NA,NA
164,5,13,['2019-04-28'],161,143,161,bat,161,143,2237,161,16,NA,NA,NA,NA
165,5,28,['2019-04-28'],505,571,571,field,505,571,9394,505,34,NA,NA,NA,NA
166,5,26,['2019-04-29'],202,147,147,field,202,147,8038,202,45,NA,NA,NA,NA
167,5,44,['2019-04-30'],143,165,165,field,143,165,NA,NA,NA,NA,NA,NA,NA
168,5,11,['2019-05-01'],470,161,161,field,470,161,2235,470,80,NA,NA,NA,NA
169,5,41,['2019-05-02'],571,202,571,bat,571,202,2125,TIE,NA,NA,NA,NA,NA
170,5,14,['2019-05-03'],147,505,505,field,147,505,2702,505,NA,7,NA,NA,NA
171,5,13,['2019-05-04'],165,161,165,bat,165,161,2545,161,NA,5,NA,NA,NA
172,5,44,['2019-05-04'],202,143,143,field,202,143,9269,143,NA,4,NA,NA,NA
173,5,14,['2019-05-05'],470,147,147,field,470,147,2974,147,NA,6,NA,NA,NA
174,5,41,['2019-05-05'],505,571,571,field,505,571,2855,571,NA,9,NA,NA,NA
175,5,11,['2019-05-07'],470,571,470,bat,470,571,3291,571,NA,6,NA,NA,NA
176,5,1,['2019-05-08'],202,161,161,field,202,161,2852,161,NA,2,NA,NA,NA
177,5,1,['2019-05-10'],161,470,470,field,161,470,8260,470,NA,6,NA,NA,NA
178,5,26,['2019-05-12'],571,470,571,bat,571,470,2125,571,1,NA,NA,NA,NA
179,5,43,['2020-09-19'],571,470,470,field,571,470,2864,470,NA,5,NA,NA,NA
180,5,2,['2020-09-20'],161,147,147,field,161,147,7861,TIE,NA,NA,NA,NA,NA
181,5,43,['2020-10-21'],505,143,505,bat,505,143,2534,143,NA,8,NA,NA,NA
182,5,7,['2020-11-03'],571,202,202,field,571,202,2636,202,NA,10,NA,NA,NA
183,5,7,['2020-09-22'],165,470,470,field,165,470,2926,165,16,NA,NA,NA,NA
184,5,43,['2020-10-24'],505,161,161,field,505,161,3039,505,59,NA,NA,NA,NA
185,5,2,['2020-10-24'],147,202,202,field,147,202,6252,147,12,NA,NA,NA,NA
186,5,43,['2020-10-28'],143,571,571,field,143,571,3291,571,NA,5,NA,NA,NA
187,5,7,['2020-10-09'],161,165,165,field,161,165,2079,161,46,NA,NA,NA,NA
188,5,43,['2020-10-07'],505,470,505,bat,505,470,2983,505,10,NA,NA,NA,NA
189,5,7,['2020-10-31'],143,202,202,field,143,202,2919,202,NA,5,NA,NA,NA
190,5,43,['2020-10-01'],571,147,147,field,571,147,9370,571,48,NA,NA,NA,NA
191,5,2,['2020-09-30'],505,165,165,field,505,165,2716,505,37,NA,NA,NA,NA
192,5,43,['2020-11-02'],143,161,161,field,143,161,8723,161,NA,6,NA,NA,NA
193,5,43,['2020-11-01'],147,470,470,field,147,470,2365,470,NA,9,NA,NA,NA
194,5,2,['2020-10-11'],202,165,202,bat,202,165,2997,165,NA,5,NA,NA,NA
195,5,43,['2020-09-23'],571,505,505,field,571,505,2818,571,49,NA,NA,NA,NA
196,5,7,['2020-10-17'],470,161,470,bat,470,161,2237,161,NA,5,NA,NA,NA
197,5,2,['2020-09-24'],147,143,143,field,147,143,2974,147,97,NA,NA,NA,NA
198,5,43,['2020-10-06'],571,165,571,bat,571,165,3291,571,57,NA,NA,NA,NA
199,5,43,['2020-10-18'],505,202,202,field,505,202,1788,TIE,NA,NA,NA,NA,NA
200,5,2,['2020-10-04'],147,470,147,bat,147,470,8034,470,NA,10,NA,NA,NA
201,5,43,['2020-10-03'],165,143,165,bat,165,143,2288,143,NA,8,NA,NA,NA
202,5,7,['2020-10-03'],161,505,505,field,161,505,2413,161,18,NA,NA,NA,NA
203,5,2,['2020-10-02'],202,470,202,bat,202,470,2354,202,7,NA,NA,NA,NA
204,5,2,['2020-10-18'],571,147,571,bat,571,147,2974,TIE,NA,NA,NA,NA,NA
205,5,2,['2020-10-22'],165,202,202,field,165,202,2870,202,NA,8,NA,NA,NA
206,5,2,['2020-10-05'],161,143,143,field,161,143,2801,161,59,NA,NA,NA,NA
207,5,7,['2020-10-26'],505,147,147,field,505,147,9246,147,NA,8,NA,NA,NA
208,5,7,['2020-10-23'],470,571,571,field,470,571,1698,571,NA,10,NA,NA,NA
209,5,2,['2020-10-17'],165,143,165,bat,165,143,8304,143,NA,7,NA,NA,NA
210,5,43,['2020-10-10'],505,147,505,bat,505,147,2485,505,2,NA,NA,NA,NA
211,5,2,['2020-10-27'],202,161,161,field,202,161,2954,202,88,NA,NA,NA,NA
212,5,2,['2020-10-10'],143,470,143,bat,143,470,2422,143,37,NA,NA,NA,NA
213,5,43,['2020-10-16'],505,571,505,bat,505,571,8310,571,NA,8,NA,NA,NA
214,5,7,['2020-09-27'],147,165,165,field,147,165,2926,165,NA,4,NA,NA,NA
215,5,2,['2020-10-13'],470,202,470,bat,470,202,2481,470,20,NA,NA,NA,NA
216,5,43,['2020-10-11'],161,571,161,bat,161,571,8310,571,NA,5,NA,NA,NA
217,5,2,['2020-11-01'],505,165,165,field,505,165,7261,505,60,NA,NA,NA,NA
218,5,7,['2020-10-15'],143,147,143,bat,143,147,2974,147,NA,8,NA,NA,NA
219,5,43,['2020-09-29'],202,161,161,field,202,161,3949,202,15,NA,NA,NA,NA
220,5,43,['2020-10-19'],470,165,470,bat,470,165,5203,165,NA,7,NA,NA,NA
221,5,2,['2020-09-21'],143,202,202,field,143,202,2288,143,10,NA,NA,NA,NA
222,5,2,['2020-10-31'],161,571,571,field,161,571,2419,571,NA,9,NA,NA,NA
223,5,2,['2020-10-29'],505,470,470,field,505,470,2365,470,NA,6,NA,NA,NA
224,5,43,['2020-10-30'],147,165,165,field,147,165,6482,165,NA,7,NA,NA,NA
225,5,7,['2020-10-04'],571,202,571,bat,571,202,1698,571,34,NA,NA,NA,NA
226,5,2,['2020-09-25'],161,470,470,field,161,470,2729,161,44,NA,NA,NA,NA
227,5,7,['2020-10-12'],143,505,143,bat,143,505,8304,143,82,NA,NA,NA,NA
228,5,43,['2020-10-25'],571,165,571,bat,571,165,6482,165,NA,8,NA,NA,NA
229,5,2,['2020-10-08'],202,147,202,bat,202,147,5482,202,69,NA,NA,NA,NA
230,5,2,['2020-10-14'],161,165,161,bat,161,165,8723,161,13,NA,NA,NA,NA
231,5,2,['2020-10-25'],143,470,143,bat,143,470,2365,470,NA,8,NA,NA,NA
232,5,43,['2020-09-26'],202,505,202,bat,202,505,2702,505,NA,7,NA,NA,NA
233,5,2,['2020-10-20'],161,147,161,bat,161,147,2237,147,NA,5,NA,NA,NA
234,5,2,['2020-09-28'],143,571,571,field,143,571,8304,TIE,NA,NA,NA,NA,NA
235,5,2,['2020-11-05'],571,161,161,field,571,161,2125,571,57,NA,NA,NA,NA
236,5,43,['2020-11-06'],143,202,202,field,143,202,2049,202,NA,6,NA,NA,NA
237,5,43,['2020-11-08'],161,202,161,bat,161,202,7861,161,17,NA,NA,NA,NA
238,5,2,['2020-11-10'],161,571,161,bat,161,571,1698,571,NA,5,NA,NA,NA
239,5,11,['2021-04-09'],571,143,143,field,571,143,2790,143,NA,2,NA,NA,NA
240,5,41,['2021-04-10'],470,161,161,field,470,161,2237,161,NA,7,NA,NA,NA
241,5,11,['2021-04-11'],505,202,202,field,505,202,2938,505,10,NA,NA,NA,NA
242,5,41,['2021-04-12'],147,165,165,field,147,165,2926,147,4,NA,NA,NA,NA
243,5,11,['2021-04-13'],571,505,505,field,571,505,2286,571,10,NA,NA,NA,NA
244,5,11,['2021-04-14'],143,202,202,field,143,202,7624,143,6,NA,NA,NA,NA
245,5,41,['2021-04-15'],161,165,165,field,161,165,3013,165,NA,3,NA,NA,NA
246,5,41,['2021-04-16'],147,470,470,field,147,470,2287,470,NA,6,NA,NA,NA
247,5,11,['2021-04-17'],571,202,571,bat,571,202,9370,571,13,NA,NA,NA,NA
248,5,11,['2021-04-18'],143,505,143,bat,143,505,8304,143,38,NA,NA,NA,NA
249,5,41,['2021-04-18'],147,161,161,field,147,161,2237,161,NA,6,NA,NA,NA
250,5,41,['2021-04-19'],470,165,165,field,470,165,553,470,45,NA,NA,NA,NA
251,5,11,['2021-04-20'],571,161,571,bat,571,161,2545,161,NA,6,NA,NA,NA
252,5,11,['2021-04-21'],147,202,147,bat,147,202,5482,202,NA,9,NA,NA,NA
253,5,41,['2021-04-21'],470,505,505,field,470,505,8260,470,18,NA,NA,NA,NA
254,5,41,['2021-04-22'],165,143,143,field,165,143,2905,143,NA,10,NA,NA,NA
255,5,11,['2021-04-23'],571,147,147,field,571,147,2974,147,NA,9,NA,NA,NA
256,5,41,['2021-04-24'],505,165,165,field,505,165,8501,165,NA,6,NA,NA,NA
257,5,41,['2021-04-25'],470,143,470,bat,470,143,2481,470,69,NA,NA,NA,NA
258,5,11,['2021-04-25'],161,202,161,bat,161,202,2729,TIE,NA,NA,NA,NA,NA
259,5,20,['2021-04-26'],147,505,505,field,147,505,94,505,NA,5,NA,NA,NA
260,5,20,['2021-04-27'],143,161,161,field,143,161,8304,143,1,NA,NA,NA,NA
261,5,25,['2021-04-28'],202,470,202,bat,202,470,2365,470,NA,7,NA,NA,NA
262,5,25,['2021-04-29'],165,571,571,field,165,571,8310,571,NA,7,NA,NA,NA
263,5,20,['2021-04-29'],505,161,161,field,505,161,2729,161,NA,7,NA,NA,NA
264,5,20,['2021-04-30'],147,143,143,field,147,143,2389,147,34,NA,NA,NA,NA
265,5,44,['2008-04-18'],143,505,143,field,505,143,1916,505,140,NA,NA,NA,NA
266,5,10,['2008-04-19'],147,470,470,bat,470,147,7421,470,33,NA,NA,NA,NA
267,5,6,['2008-04-19'],161,165,165,bat,165,161,4640,161,NA,9,NA,NA,NA
268,5,41,['2008-04-20'],571,143,571,bat,571,143,8084,143,NA,5,NA,NA,NA
269,5,28,['2008-04-20'],505,350,350,bat,350,505,7427,505,NA,5,NA,NA,NA
270,5,12,['2008-04-21'],165,147,147,bat,147,165,8034,165,NA,6,NA,NA,NA
271,5,26,['2008-04-22'],350,161,350,bat,350,161,2829,161,NA,9,NA,NA,NA
272,5,11,['2008-04-23'],470,571,571,field,470,571,7529,470,6,NA,NA,NA,NA
273,5,26,['2008-04-24'],350,165,165,field,350,165,2759,165,NA,3,NA,NA,NA
274,5,10,['2008-04-25'],147,571,571,field,147,571,4946,147,66,NA,NA,NA,NA
275,5,44,['2008-04-26'],143,165,165,field,143,165,8034,165,NA,7,NA,NA,NA
276,5,11,['2008-04-26'],470,505,505,bat,505,470,1935,470,NA,9,NA,NA,NA
277,5,15,['2008-04-27'],571,350,350,field,571,350,7504,350,NA,10,NA,NA,NA
278,5,10,['2008-04-27'],147,161,161,bat,161,147,7713,147,NA,4,NA,NA,NA
279,5,44,['2008-04-28'],143,470,470,bat,470,143,2235,470,13,NA,NA,NA,NA
280,5,28,['2008-04-29'],505,571,505,bat,505,571,4468,571,NA,7,NA,NA,NA
281,5,6,['2008-04-30'],161,143,143,field,161,143,7731,161,10,NA,NA,NA,NA
282,5,26,['2008-05-01'],350,147,147,field,350,147,7653,147,NA,7,NA,NA,NA
283,5,12,['2008-05-01'],165,505,165,bat,165,505,2076,165,45,NA,NA,NA,NA
284,5,11,['2008-05-02'],470,161,470,bat,470,161,2829,161,NA,8,NA,NA,NA
285,5,26,['2008-05-25'],350,143,350,bat,350,143,3019,143,NA,5,NA,NA,NA
286,5,10,['2008-05-03'],147,505,147,bat,147,505,2760,147,9,NA,NA,NA,NA
287,5,15,['2008-05-04'],571,161,161,field,571,161,8782,571,29,NA,NA,NA,NA
288,5,12,['2008-05-04'],165,470,470,bat,470,165,3792,165,NA,8,NA,NA,NA
289,5,44,['2008-05-05'],143,147,147,field,143,147,2658,147,NA,6,NA,NA,NA
290,5,11,['2008-05-06'],470,350,350,field,470,350,7504,350,NA,7,NA,NA,NA
291,5,15,['2008-05-07'],571,165,571,field,165,571,2603,571,NA,7,NA,NA,NA
292,5,6,['2008-05-08'],161,470,470,field,161,470,2235,470,NA,4,NA,NA,NA
293,5,28,['2008-05-08'],505,143,505,bat,505,143,2358,505,5,NA,NA,NA,NA
294,5,12,['2008-05-09'],165,350,165,field,350,165,2759,165,NA,8,NA,NA,NA
295,5,44,['2008-05-28'],143,571,571,field,143,571,4354,571,NA,9,NA,NA,NA
296,5,11,['2008-05-10'],470,147,147,field,470,147,2206,470,18,NA,NA,NA,NA
297,5,26,['2008-05-11'],350,505,505,bat,505,350,2358,505,23,NA,NA,NA,NA
298,5,12,['2008-05-11'],165,161,165,field,161,165,8034,165,NA,3,NA,NA,NA
299,5,10,['2008-05-12'],147,143,143,bat,143,147,7653,147,NA,9,NA,NA,NA
300,5,28,['2008-05-13'],505,161,505,bat,505,161,3812,505,23,NA,NA,NA,NA
301,5,41,['2008-05-14'],571,470,571,field,470,571,4468,571,NA,9,NA,NA,NA
302,5,10,['2008-05-28'],147,165,165,field,147,165,7653,147,41,NA,NA,NA,NA
303,5,6,['2008-05-15'],161,350,350,field,161,350,2545,161,12,NA,NA,NA,NA
304,5,41,['2008-05-16'],571,505,571,field,505,571,8782,571,NA,8,NA,NA,NA
305,5,6,['2008-05-17'],161,147,161,bat,161,147,4463,147,6,NA,NA,NA,NA
306,5,12,['2008-05-17'],165,143,143,field,165,143,8896,165,65,NA,NA,NA,NA
307,5,26,['2008-05-18'],350,571,350,field,571,350,9129,571,25,NA,NA,NA,NA
308,5,28,['2008-05-18'],505,470,505,bat,505,470,8719,470,3,NA,NA,NA,NA
309,5,44,['2008-05-19'],143,161,161,field,143,161,2320,161,NA,5,NA,NA,NA
310,5,28,['2008-05-20'],505,165,165,field,505,165,2759,165,NA,6,NA,NA,NA
311,5,41,['2008-05-21'],571,147,571,field,147,571,7653,147,1,NA,NA,NA,NA
312,5,11,['2008-05-21'],470,143,143,bat,143,470,2395,143,14,NA,NA,NA,NA
313,5,10,['2008-05-23'],147,350,147,field,350,147,7653,147,NA,6,NA,NA,NA
314,5,6,['2008-05-24'],161,571,161,field,571,161,2485,161,NA,5,NA,NA,NA
315,5,11,['2008-05-24'],470,165,165,bat,165,470,8504,165,10,NA,NA,NA,NA
316,5,44,['2008-05-03'],143,350,350,field,143,350,186,143,3,NA,NA,NA,NA
317,5,28,['2008-05-25'],505,147,147,bat,147,505,4036,505,NA,3,NA,NA,NA
318,5,12,['2008-05-26'],165,571,165,field,571,165,3792,165,NA,5,NA,NA,NA
319,5,26,['2008-05-27'],350,470,350,bat,350,470,2969,470,NA,7,NA,NA,NA
320,5,41,['2008-05-30'],161,165,161,field,165,161,8034,165,105,NA,NA,NA,NA
321,5,41,['2008-05-31'],470,147,147,bat,147,470,8719,470,NA,9,NA,NA,NA
322,5,15,['2008-06-01'],470,165,165,field,470,165,2759,165,NA,3,NA,NA,NA
323,5,37,['2009-04-18'],470,571,470,field,571,470,2998,571,19,NA,NA,NA,NA
324,5,37,['2009-04-18'],143,165,143,bat,143,165,2221,143,75,NA,NA,NA,NA
325,5,37,['2009-04-19'],161,147,161,field,147,161,2037,161,NA,10,NA,NA,NA
326,5,37,['2009-04-19'],350,505,505,bat,505,350,2677,350,NA,8,NA,NA,NA
327,5,22,['2009-04-20'],143,470,470,bat,470,143,4596,470,92,NA,NA,NA,NA
328,5,32,['2009-04-21'],147,505,505,field,147,505,9246,505,11,NA,NA,NA,NA
329,5,37,['2009-04-22'],143,350,350,bat,350,143,7504,350,24,NA,NA,NA,NA
330,5,32,['2009-04-23'],470,161,161,bat,161,470,8304,161,9,NA,NA,NA,NA
331,5,37,['2009-04-23'],505,165,505,field,165,505,2759,TIE,NA,NA,NA,NA,NA
332,5,32,['2009-04-24'],143,147,143,bat,143,147,5311,147,NA,7,NA,NA,NA
333,5,32,['2009-04-25'],350,571,350,bat,350,571,2796,350,12,NA,NA,NA,NA
334,5,22,['2009-04-26'],143,161,143,bat,143,161,4153,161,NA,6,NA,NA,NA
335,5,37,['2009-04-26'],147,165,147,bat,147,165,4946,147,27,NA,NA,NA,NA
336,5,32,['2009-04-27'],470,350,350,field,470,350,8404,350,NA,6,NA,NA,NA
337,5,22,['2009-04-27'],505,571,571,bat,571,505,2998,571,92,NA,NA,NA,NA
338,5,29,['2009-04-28'],161,165,161,bat,161,165,2759,165,NA,5,NA,NA,NA
339,5,32,['2009-04-29'],143,505,505,bat,505,143,8084,143,NA,5,NA,NA,NA
340,5,32,['2009-04-29'],147,571,147,bat,147,571,4946,147,3,NA,NA,NA,NA
341,5,29,['2009-04-30'],350,161,161,field,350,161,7776,161,NA,6,NA,NA,NA
342,5,29,['2009-04-30'],470,165,165,field,470,165,2969,470,38,NA,NA,NA,NA
343,5,3,['2009-05-01'],505,571,571,bat,571,505,8272,571,9,NA,NA,NA,NA
344,5,32,['2009-05-01'],143,147,143,bat,143,147,3273,143,8,NA,NA,NA,NA
345,5,22,['2009-05-02'],350,165,350,bat,350,165,2759,165,NA,3,NA,NA,NA
346,5,33,['2009-05-02'],470,161,161,field,470,161,2459,470,18,NA,NA,NA,NA
347,5,22,['2009-05-03'],147,505,505,bat,505,147,4463,147,NA,6,NA,NA,NA
348,5,33,['2009-05-03'],143,571,571,bat,571,143,8637,143,NA,9,NA,NA,NA
349,5,3,['2009-05-04'],470,350,470,bat,470,350,2235,470,78,NA,NA,NA,NA
350,5,32,['2009-05-05'],147,165,147,field,165,147,8896,165,78,NA,NA,NA,NA
351,5,32,['2009-05-05'],161,505,505,bat,505,161,2364,161,NA,9,NA,NA,NA
352,5,29,['2009-05-06'],350,571,350,bat,350,571,2818,350,19,NA,NA,NA,NA
353,5,29,['2009-05-07'],143,165,165,field,143,165,793,165,NA,7,NA,NA,NA
354,5,29,['2009-05-07'],470,147,470,bat,470,147,7529,470,12,NA,NA,NA,NA
355,5,3,['2009-05-08'],161,571,571,bat,571,161,2603,161,NA,7,NA,NA,NA
356,5,17,['2009-05-09'],350,147,147,field,350,147,4463,147,NA,3,NA,NA,NA
357,5,17,['2009-05-09'],470,165,165,bat,165,470,2209,470,NA,7,NA,NA,NA
358,5,22,['2009-05-10'],143,571,571,bat,571,143,8272,571,16,NA,NA,NA,NA
359,5,33,['2009-05-10'],161,505,161,field,505,161,2545,161,NA,7,NA,NA,NA
360,5,17,['2009-05-11'],350,165,350,bat,350,165,9429,350,53,NA,NA,NA,NA
361,5,29,['2009-05-12'],143,505,143,field,505,143,2030,143,NA,6,NA,NA,NA
362,5,29,['2009-05-12'],147,571,147,bat,147,571,2391,571,NA,8,NA,NA,NA
363,5,32,['2009-05-13'],350,161,350,field,161,350,2184,161,12,NA,NA,NA,NA
364,5,32,['2009-05-14'],143,470,470,bat,470,143,2030,143,NA,2,NA,NA,NA
365,5,32,['2009-05-14'],571,165,165,bat,165,571,8039,165,2,NA,NA,NA,NA
366,5,16,['2009-05-15'],161,147,147,field,161,147,7727,147,NA,6,NA,NA,NA
367,5,22,['2009-05-16'],470,571,571,bat,571,470,7529,470,NA,7,NA,NA,NA
368,5,33,['2009-05-16'],350,505,350,field,505,350,2818,350,NA,6,NA,NA,NA
369,5,33,['2009-05-17'],350,147,350,field,147,350,3273,147,1,NA,NA,NA,NA
370,5,16,['2009-05-17'],161,165,161,bat,161,165,8304,161,14,NA,NA,NA,NA
371,5,29,['2009-05-18'],470,505,470,bat,470,505,7484,505,NA,7,NA,NA,NA
372,5,33,['2009-05-19'],143,161,161,bat,161,143,8637,143,NA,7,NA,NA,NA
373,5,32,['2009-05-20'],505,165,505,field,165,505,2701,505,NA,4,NA,NA,NA
374,5,32,['2009-05-20'],470,147,470,bat,470,147,4596,470,24,NA,NA,NA,NA
375,5,29,['2009-05-21'],161,571,161,field,571,161,2829,161,NA,4,NA,NA,NA
376,5,29,['2009-05-21'],143,350,143,bat,143,350,2870,143,12,NA,NA,NA,NA
377,5,29,['2009-05-22'],161,350,350,field,161,350,7504,350,NA,6,NA,NA,NA
378,5,33,['2009-05-23'],143,470,143,field,470,143,2870,143,NA,6,NA,NA,NA
379,5,33,['2009-05-24'],143,350,143,field,350,143,2395,350,6,NA,NA,NA,NA
380,5,15,['2010-03-12'],350,505,350,field,505,350,4624,505,11,NA,NA,NA,NA
381,5,23,['2010-03-13'],571,165,571,bat,571,165,2759,571,4,NA,NA,NA,NA
382,5,10,['2010-03-13'],147,161,161,field,147,161,2364,161,NA,5,NA,NA,NA
383,5,28,['2010-03-14'],505,143,505,field,143,505,2986,505,NA,7,NA,NA,NA
384,5,11,['2010-03-14'],470,350,350,bat,350,470,5055,350,31,NA,NA,NA,NA
385,5,30,['2010-03-15'],165,161,161,field,165,161,2829,161,NA,6,NA,NA,NA
386,5,44,['2010-03-16'],143,147,147,bat,147,143,8637,143,NA,8,NA,NA,NA
387,5,28,['2010-03-16'],505,470,470,bat,470,505,2235,470,55,NA,NA,NA,NA
388,5,6,['2010-03-17'],161,571,161,field,571,161,2998,571,98,NA,NA,NA,NA
389,5,44,['2010-03-18'],143,165,143,field,165,143,8637,143,NA,10,NA,NA,NA
390,5,6,['2010-03-19'],161,470,161,bat,161,470,7529,470,NA,5,NA,NA,NA
391,5,40,['2010-03-19'],350,147,147,field,350,147,7844,350,6,NA,NA,NA,NA
392,5,30,['2010-03-20'],165,505,165,bat,165,505,2438,165,34,NA,NA,NA,NA
393,5,23,['2010-03-20'],571,143,571,bat,571,143,8637,143,NA,7,NA,NA,NA
394,5,40,['2010-03-21'],350,161,350,bat,350,161,7844,350,10,NA,NA,NA,NA
395,5,11,['2010-03-21'],470,147,470,field,147,470,8992,TIE,NA,NA,NA,NA,NA
396,5,23,['2010-03-22'],571,505,505,bat,505,571,2998,571,NA,7,NA,NA,NA
397,5,44,['2010-03-23'],143,470,470,field,143,470,3009,143,36,NA,NA,NA,NA
398,5,10,['2010-03-24'],147,165,147,field,165,147,8012,165,31,NA,NA,NA,NA
399,5,9,['2010-03-25'],470,571,571,field,470,571,2998,571,NA,5,NA,NA,NA
400,5,30,['2010-03-26'],165,350,350,bat,350,165,2759,165,NA,8,NA,NA,NA
401,5,10,['2010-03-27'],147,505,505,bat,505,147,2986,505,39,NA,NA,NA,NA
402,5,44,['2010-03-25'],143,161,143,field,161,143,2475,161,17,NA,NA,NA,NA
403,5,30,['2010-03-28'],165,470,165,bat,165,470,2797,165,17,NA,NA,NA,NA
404,5,15,['2010-03-28'],350,571,350,field,571,350,2391,571,41,NA,NA,NA,NA
405,5,6,['2010-03-29'],161,505,161,bat,161,505,8038,161,40,NA,NA,NA,NA
406,5,23,['2010-03-30'],571,147,571,field,147,571,4634,571,NA,4,NA,NA,NA
407,5,11,['2010-03-31'],470,143,143,bat,143,470,2563,470,NA,5,NA,NA,NA
408,5,6,['2010-03-31'],161,165,161,bat,161,165,2485,161,67,NA,NA,NA,NA
409,5,28,['2010-04-01'],505,350,505,bat,505,350,2358,505,24,NA,NA,NA,NA
410,5,10,['2010-04-02'],147,143,147,bat,147,143,6324,143,NA,6,NA,NA,NA
411,5,11,['2010-04-03'],470,165,470,bat,470,165,2563,470,23,NA,NA,NA,NA
412,5,23,['2010-04-03'],571,350,571,bat,571,350,2864,571,63,NA,NA,NA,NA
413,5,28,['2010-04-04'],505,147,505,bat,505,147,4463,147,NA,8,NA,NA,NA
414,5,6,['2010-04-04'],161,143,161,bat,161,143,5546,161,37,NA,NA,NA,NA
415,5,34,['2010-04-05'],350,165,165,bat,165,350,8039,165,2,NA,NA,NA,NA
416,5,11,['2010-04-06'],470,571,470,bat,470,571,2969,470,24,NA,NA,NA,NA
417,5,12,['2010-04-07'],165,147,147,bat,147,165,136,165,NA,9,NA,NA,NA
418,5,28,['2010-04-07'],505,161,505,bat,505,161,2358,505,14,NA,NA,NA,NA
419,5,44,['2010-04-08'],143,350,350,field,143,350,2642,350,NA,7,NA,NA,NA
420,5,10,['2010-04-09'],147,571,571,bat,571,147,4946,147,NA,6,NA,NA,NA
421,5,34,['2010-04-10'],350,470,470,bat,470,350,7544,350,NA,6,NA,NA,NA
422,5,44,['2010-04-10'],143,505,143,field,505,143,3019,143,NA,7,NA,NA,NA
423,5,6,['2010-04-11'],161,147,161,bat,161,147,2258,147,NA,7,NA,NA,NA
424,5,12,['2010-04-11'],165,571,165,field,571,165,2998,571,37,NA,NA,NA,NA
425,5,34,['2010-04-12'],350,143,143,field,350,143,1628,350,13,NA,NA,NA,NA
426,5,23,['2010-04-13'],571,161,571,bat,571,161,9370,571,39,NA,NA,NA,NA
427,5,11,['2010-04-13'],470,505,505,bat,505,470,2079,470,NA,9,NA,NA,NA
428,5,12,['2010-04-14'],165,143,165,bat,165,143,6324,143,NA,5,NA,NA,NA
429,5,11,['2010-04-15'],470,161,470,bat,470,161,2364,161,NA,6,NA,NA,NA
430,5,36,['2010-04-16'],147,350,350,field,147,350,2818,350,NA,5,NA,NA,NA
431,5,44,['2010-04-17'],143,571,143,field,571,143,8683,571,57,NA,NA,NA,NA
432,5,28,['2010-04-17'],505,165,165,bat,165,505,3013,505,NA,8,NA,NA,NA
433,5,36,['2010-04-18'],147,470,470,field,147,470,2235,470,NA,6,NA,NA,NA
434,5,6,['2010-04-18'],161,350,350,bat,350,161,7844,350,11,NA,NA,NA,NA
435,5,28,['2010-04-19'],505,571,571,bat,571,505,2484,505,NA,9,NA,NA,NA
436,5,15,['2010-04-21'],143,571,571,bat,571,143,9370,571,35,NA,NA,NA,NA
437,5,15,['2010-04-22'],470,350,470,bat,470,350,7221,470,38,NA,NA,NA,NA
438,5,15,['2010-04-24'],143,350,350,bat,350,143,2395,143,NA,9,NA,NA,NA
439,5,15,['2010-04-25'],470,571,470,bat,470,571,2969,470,22,NA,NA,NA,NA
440,5,11,['2011-04-08'],470,505,470,bat,470,505,2107,470,2,NA,NA,NA,NA
441,5,26,['2011-04-09'],350,165,165,field,350,165,2982,165,NA,8,NA,NA,NA
442,5,42,['2011-04-09'],299,143,299,bat,299,143,8304,143,NA,6,NA,NA,NA
443,5,6,['2011-04-10'],161,571,161,bat,161,571,4634,571,NA,8,NA,NA,NA
444,5,15,['2011-04-10'],69,147,147,bat,147,69,3248,69,NA,7,NA,NA,NA
445,5,28,['2011-04-11'],505,350,505,bat,505,350,8637,505,9,NA,NA,NA,NA
446,5,12,['2011-04-12'],165,161,161,bat,161,165,8039,165,NA,6,NA,NA,NA
447,5,44,['2011-04-12'],143,571,571,field,143,571,2998,571,NA,9,NA,NA,NA
448,5,10,['2011-04-13'],147,470,147,field,470,147,3041,147,NA,6,NA,NA,NA
449,5,15,['2011-04-13'],69,299,299,bat,299,69,2544,69,NA,4,NA,NA,NA
450,5,26,['2011-04-14'],350,143,143,field,350,143,8845,350,33,NA,NA,NA,NA
451,5,12,['2011-04-15'],165,505,505,field,165,505,2364,505,NA,9,NA,NA,NA
452,5,41,['2011-04-15'],571,299,299,field,571,299,1916,299,NA,8,NA,NA,NA
453,5,11,['2011-04-16'],470,143,470,bat,470,143,7421,470,21,NA,NA,NA,NA
454,5,26,['2011-04-16'],350,147,147,field,350,147,3041,147,NA,8,NA,NA,NA
455,5,15,['2011-04-17'],69,161,161,field,69,161,3273,161,NA,3,NA,NA,NA
456,5,28,['2011-04-17'],505,165,505,field,165,505,2206,505,NA,8,NA,NA,NA
457,5,42,['2011-04-18'],299,470,299,field,470,299,1916,299,NA,7,NA,NA,NA
458,5,6,['2011-04-19'],161,350,350,bat,350,161,1603,350,16,NA,NA,NA,NA
459,5,41,['2011-04-20'],571,69,69,bat,69,571,6406,571,NA,7,NA,NA,NA
460,5,28,['2011-04-20'],505,299,505,field,299,505,4463,299,6,NA,NA,NA,NA
461,5,10,['2011-04-21'],147,165,165,field,147,165,7653,147,48,NA,NA,NA,NA
462,5,41,['2011-04-22'],571,470,470,field,571,470,2391,571,8,NA,NA,NA,NA
463,5,28,['2011-04-22'],505,143,143,field,505,143,9246,143,NA,9,NA,NA,NA
464,5,6,['2011-04-23'],161,147,147,field,161,147,8038,161,29,NA,NA,NA,NA
465,5,26,['2011-04-24'],350,571,350,field,571,350,4634,571,37,NA,NA,NA,NA
466,5,12,['2011-04-24'],165,299,165,field,299,165,8039,165,NA,8,NA,NA,NA
467,5,11,['2011-04-25'],470,69,69,field,470,69,7421,470,25,NA,NA,NA,NA
468,5,6,['2011-04-26'],161,143,143,field,161,143,2422,143,NA,3,NA,NA,NA
469,5,15,['2011-04-27'],69,470,69,bat,69,470,7221,470,NA,8,NA,NA,NA
470,5,42,['2011-04-27'],299,350,299,field,350,299,2753,350,55,NA,NA,NA,NA
471,5,6,['2011-04-28'],161,505,161,field,505,161,2986,505,17,NA,NA,NA,NA
472,5,12,['2011-04-29'],165,571,165,field,571,165,8091,165,NA,7,NA,NA,NA
473,5,44,['2011-04-29'],143,69,69,field,143,69,2422,143,26,NA,NA,NA,NA
474,5,42,['2011-04-30'],299,161,161,bat,161,299,2829,161,38,NA,NA,NA,NA
475,5,28,['2011-04-30'],505,147,505,field,147,505,2425,505,NA,8,NA,NA,NA
476,5,12,['2011-05-01'],165,69,165,field,69,165,2030,165,NA,6,NA,NA,NA
477,5,11,['2011-05-01'],470,350,470,bat,470,350,8504,470,19,NA,NA,NA,NA
478,5,41,['2011-05-02'],571,147,147,field,571,147,9370,571,23,NA,NA,NA,NA
479,5,6,['2011-05-02'],161,299,299,field,161,299,2834,299,NA,7,NA,NA,NA
480,5,26,['2011-05-03'],350,505,350,field,505,350,2759,505,20,NA,NA,NA,NA
481,5,11,['2011-05-04'],470,165,165,bat,165,470,7421,470,NA,8,NA,NA,NA
482,5,15,['2011-05-04'],69,571,69,field,571,69,1627,571,21,NA,NA,NA,NA
483,5,42,['2011-05-05'],299,505,505,field,299,505,7484,299,17,NA,NA,NA,NA
484,5,26,['2011-05-05'],350,161,161,field,350,161,2829,161,NA,4,NA,NA,NA
485,5,44,['2011-05-06'],143,147,147,field,143,147,9246,143,85,NA,NA,NA,NA
486,5,28,['2011-05-07'],505,470,470,bat,470,505,2425,505,10,NA,NA,NA,NA
487,5,41,['2011-05-07'],571,161,161,field,571,161,2864,571,32,NA,NA,NA,NA
488,5,44,['2011-05-08'],143,299,299,bat,299,143,9246,143,NA,9,NA,NA,NA
489,5,10,['2011-05-08'],147,69,147,bat,147,69,1627,69,NA,5,NA,NA,NA
490,5,12,['2011-05-09'],165,470,165,field,470,165,2563,470,63,NA,NA,NA,NA
491,5,26,['2011-05-10'],350,69,350,bat,350,69,7654,69,NA,6,NA,NA,NA
492,5,10,['2011-05-10'],147,571,571,field,147,571,2180,147,76,NA,NA,NA,NA
493,5,12,['2011-05-11'],165,143,143,field,165,143,2097,143,NA,9,NA,NA,NA
494,5,11,['2011-05-12'],470,161,470,bat,470,161,2235,470,18,NA,NA,NA,NA
495,5,31,['2011-05-13'],299,147,147,field,299,147,2485,147,NA,6,NA,NA,NA
496,5,44,['2011-05-14'],143,505,143,field,505,143,9246,143,NA,4,NA,NA,NA
497,5,41,['2011-05-14'],571,350,350,bat,350,571,2545,350,10,NA,NA,NA,NA
498,5,36,['2011-05-15'],147,161,161,field,147,161,2258,147,29,NA,NA,NA,NA
499,5,31,['2011-05-15'],299,165,299,field,165,299,7484,299,NA,8,NA,NA,NA
500,5,15,['2011-05-16'],69,350,350,field,69,350,2545,350,NA,6,NA,NA,NA
501,5,36,['2011-05-17'],147,143,147,bat,147,143,7504,147,111,NA,NA,NA,NA
502,5,11,['2011-05-18'],470,299,470,bat,470,299,2954,470,11,NA,NA,NA,NA
503,5,15,['2011-05-19'],69,505,505,field,69,505,2759,505,NA,7,NA,NA,NA
504,5,41,['2011-05-20'],571,165,571,bat,571,165,8034,165,NA,10,NA,NA,NA
505,5,36,['2011-05-21'],147,350,147,field,350,147,2237,350,82,NA,NA,NA,NA
506,5,6,['2011-05-21'],161,69,161,bat,161,69,NA,NA,NA,NA,NA,NA,NA
507,5,44,['2011-05-22'],143,470,143,field,470,143,9246,143,NA,8,NA,NA,NA
508,5,28,['2011-05-22'],505,571,571,field,505,571,1775,571,NA,5,NA,NA,NA
509,5,41,['2011-05-24'],143,470,470,field,143,470,2969,470,NA,6,NA,NA,NA
510,5,41,['2011-05-25'],571,505,571,field,505,571,6406,571,NA,4,NA,NA,NA
511,5,11,['2011-05-27'],143,571,571,field,143,571,9246,143,43,NA,NA,NA,NA
512,5,11,['2011-05-28'],470,143,470,bat,470,143,2563,470,58,NA,NA,NA,NA
513,5,11,['2012-04-04'],470,571,571,field,470,571,8695,571,NA,8,NA,NA,NA
514,5,28,['2012-04-05'],505,161,161,field,505,161,2760,161,NA,8,NA,NA,NA
515,5,41,['2012-04-06'],571,69,571,field,69,571,7901,69,28,NA,NA,NA,NA
516,5,12,['2012-04-06'],165,147,147,field,165,147,2975,165,31,NA,NA,NA,NA
517,5,44,['2012-04-07'],143,161,161,field,143,161,8304,143,20,NA,NA,NA,NA
518,5,1,['2012-04-07'],350,470,350,field,470,350,2481,470,74,NA,NA,NA,NA
519,5,12,['2012-04-08'],165,505,505,field,165,505,7484,165,22,NA,NA,NA,NA
520,5,27,['2012-04-08'],69,147,69,bat,69,147,9446,69,22,NA,NA,NA,NA
521,5,1,['2012-04-09'],350,571,350,bat,350,571,2818,571,NA,5,NA,NA,NA
522,5,44,['2012-04-10'],143,505,143,field,505,143,2206,505,42,NA,NA,NA,NA
523,5,6,['2012-04-10'],161,470,161,field,470,161,8503,161,NA,8,NA,NA,NA
524,5,41,['2012-04-11'],571,165,165,field,571,165,9370,571,27,NA,NA,NA,NA
525,5,11,['2012-04-12'],470,143,143,bat,143,470,8260,470,NA,5,NA,NA,NA
526,5,10,['2012-04-12'],147,69,147,field,69,147,292,147,NA,7,NA,NA,NA
527,5,28,['2012-04-13'],505,165,165,bat,165,505,974,505,NA,5,NA,NA,NA
528,5,6,['2012-04-19'],161,350,350,bat,350,161,6324,161,NA,5,NA,NA,NA
529,5,27,['2012-04-14'],69,470,470,bat,470,69,1966,69,NA,7,NA,NA,NA
530,5,28,['2012-04-15'],505,147,505,field,147,505,9356,147,2,NA,NA,NA,NA
531,5,44,['2012-04-15'],143,165,165,bat,165,143,2975,165,59,NA,NA,NA,NA
532,5,41,['2012-04-16'],571,161,161,field,571,161,2636,161,NA,7,NA,NA,NA
533,5,12,['2012-04-17'],165,350,350,bat,350,165,7484,165,NA,5,NA,NA,NA
534,5,44,['2012-04-17'],143,69,69,bat,69,143,9246,143,NA,6,NA,NA,NA
535,5,10,['2012-04-18'],147,505,147,bat,147,505,2364,505,NA,8,NA,NA,NA
536,5,26,['2012-05-10'],350,161,350,bat,350,161,8038,161,NA,9,NA,NA,NA
537,5,11,['2012-04-19'],470,69,69,field,470,69,4513,470,13,NA,NA,NA,NA
538,5,10,['2012-04-20'],147,143,143,field,147,143,9246,143,NA,5,NA,NA,NA
539,5,11,['2012-04-21'],470,165,165,bat,165,470,8260,470,NA,7,NA,NA,NA
540,5,6,['2012-04-21'],161,69,161,field,69,161,2358,69,20,NA,NA,NA,NA
541,5,41,['2012-04-22'],571,147,571,bat,571,147,7653,147,NA,6,NA,NA,NA
542,5,40,['2012-04-22'],350,505,505,field,350,505,7727,505,NA,5,NA,NA,NA
543,5,12,['2012-04-23'],165,143,165,field,143,165,8304,143,46,NA,NA,NA,NA
544,5,27,['2012-04-24'],69,161,69,bat,69,161,2829,161,NA,8,NA,NA,NA
545,5,10,['2012-04-25'],147,571,147,bat,147,571,2864,571,NA,4,NA,NA,NA
546,5,27,['2012-04-26'],69,350,350,bat,350,69,8022,350,18,NA,NA,NA,NA
547,5,6,['2012-04-27'],161,571,571,field,161,571,2829,161,37,NA,NA,NA,NA
548,5,11,['2012-04-28'],470,147,147,bat,147,470,2571,147,7,NA,NA,NA,NA
549,5,28,['2012-04-28'],505,143,505,bat,505,143,2364,505,47,NA,NA,NA,NA
550,5,6,['2012-04-29'],161,165,161,bat,161,165,2829,161,1,NA,NA,NA,NA
551,5,41,['2012-04-29'],571,350,571,field,350,571,8845,571,NA,5,NA,NA,NA
552,5,11,['2012-04-30'],470,505,470,bat,470,505,2364,505,NA,5,NA,NA,NA
553,5,40,['2012-05-01'],350,69,350,bat,350,69,4946,350,13,NA,NA,NA,NA
554,5,12,['2012-05-01'],165,161,165,bat,165,161,2604,161,NA,6,NA,NA,NA
555,5,44,['2012-05-02'],143,147,147,field,143,147,3049,147,NA,4,NA,NA,NA
556,5,27,['2012-05-03'],69,571,571,bat,571,69,4634,571,1,NA,NA,NA,NA
557,5,11,['2012-05-04'],470,350,470,bat,470,350,2969,470,10,NA,NA,NA,NA
558,5,28,['2012-05-05'],505,69,505,bat,505,69,9356,505,7,NA,NA,NA,NA
559,5,10,['2012-05-05'],147,165,165,bat,165,147,8034,165,43,NA,NA,NA,NA
560,5,41,['2012-05-06'],571,470,571,field,470,571,9429,571,NA,2,NA,NA,NA
561,5,44,['2012-05-06'],143,350,143,field,350,143,8304,143,NA,5,NA,NA,NA
562,5,6,['2012-05-07'],161,505,161,bat,161,505,8637,505,NA,6,NA,NA,NA
563,5,27,['2012-05-08'],69,165,69,bat,69,165,8034,165,NA,7,NA,NA,NA
564,5,26,['2012-05-08'],350,147,350,field,147,350,2571,147,25,NA,NA,NA,NA
565,5,41,['2012-05-09'],571,143,143,field,571,143,9246,143,NA,9,NA,NA,NA
566,5,12,['2012-05-10'],165,470,470,field,165,470,7498,470,NA,4,NA,NA,NA
567,5,27,['2012-05-11'],69,143,69,field,143,69,9246,143,35,NA,NA,NA,NA
568,5,28,['2012-05-12'],505,571,571,bat,571,505,2818,571,27,NA,NA,NA,NA
569,5,11,['2012-05-12'],470,161,470,field,161,470,7498,470,NA,9,NA,NA,NA
570,5,12,['2012-05-13'],165,69,165,bat,165,69,2279,165,45,NA,NA,NA,NA
571,5,10,['2012-05-13'],147,350,350,bat,350,147,7427,147,NA,4,NA,NA,NA
572,5,44,['2012-05-14'],143,571,571,field,143,571,2864,571,NA,5,NA,NA,NA
573,5,28,['2012-05-14'],505,470,470,field,505,470,7421,470,NA,5,NA,NA,NA
574,5,6,['2012-05-15'],161,147,147,bat,147,161,3286,161,NA,5,NA,NA,NA
575,5,41,['2012-05-16'],571,505,571,field,505,571,9356,505,32,NA,NA,NA,NA
576,5,36,['2012-05-17'],147,470,147,field,470,147,7504,147,NA,6,NA,NA,NA
577,5,6,['2012-05-17'],161,143,161,field,143,161,9246,143,21,NA,NA,NA,NA
578,5,26,['2012-05-18'],350,165,165,bat,165,350,8845,350,NA,5,NA,NA,NA
579,5,36,['2012-05-19'],147,161,161,field,147,161,3286,161,NA,6,NA,NA,NA
580,5,27,['2012-05-19'],69,505,505,bat,505,69,974,505,34,NA,NA,NA,NA
581,5,26,['2012-05-20'],350,143,143,field,350,143,8845,350,9,NA,NA,NA,NA
582,5,12,['2012-05-20'],165,571,165,bat,165,571,9429,571,NA,10,NA,NA,NA
583,5,27,['2012-05-22'],161,505,505,bat,505,161,2759,505,18,NA,NA,NA,NA
584,5,44,['2012-05-23'],470,571,571,field,470,571,2235,470,38,NA,NA,NA,NA
585,5,11,['2012-05-25'],161,470,161,field,470,161,2563,470,86,NA,NA,NA,NA
586,5,11,['2012-05-27'],505,470,470,bat,470,505,2154,505,NA,5,NA,NA,NA
587,5,28,['2013-04-03'],505,161,505,field,161,505,9356,505,NA,6,NA,NA,NA
588,5,44,['2013-04-04'],143,571,571,field,143,571,9246,143,2,NA,NA,NA,NA
589,5,26,['2013-04-05'],202,69,69,field,202,69,2545,202,22,NA,NA,NA,NA
590,5,6,['2013-04-06'],161,165,165,bat,165,161,2221,165,5,NA,NA,NA,NA
591,5,11,['2013-04-06'],470,571,571,bat,571,470,9370,571,9,NA,NA,NA,NA
592,5,27,['2013-04-07'],69,147,69,bat,69,147,3016,147,NA,8,NA,NA,NA
593,5,26,['2013-04-07'],202,143,143,bat,143,202,3028,TIE,NA,NA,NA,NA,NA
594,5,12,['2013-04-08'],165,505,505,field,165,505,2982,165,19,NA,NA,NA,NA
595,5,41,['2013-04-09'],571,161,571,bat,571,161,2485,571,44,NA,NA,NA,NA
596,5,10,['2013-04-10'],147,470,470,field,147,470,7421,470,NA,10,NA,NA,NA
597,5,44,['2013-04-11'],143,505,143,field,505,143,9246,143,NA,8,NA,NA,NA
598,5,27,['2013-04-11'],69,165,165,bat,165,69,7422,69,NA,7,NA,NA,NA
599,5,6,['2013-04-12'],161,202,161,bat,161,202,2545,202,NA,3,NA,NA,NA
600,5,41,['2013-04-13'],571,69,571,bat,571,69,2818,571,41,NA,NA,NA,NA
601,5,11,['2013-04-13'],470,143,470,field,143,470,2481,470,NA,4,NA,NA,NA
602,5,28,['2013-04-14'],505,202,505,bat,505,202,2364,505,48,NA,NA,NA,NA
603,5,12,['2013-04-14'],165,147,165,field,147,165,7439,165,NA,6,NA,NA,NA
604,5,11,['2013-04-15'],470,69,69,bat,69,470,7901,69,24,NA,NA,NA,NA
605,5,10,['2013-04-16'],147,505,505,field,147,505,2325,147,4,NA,NA,NA,NA
606,5,44,['2013-04-16'],143,161,143,field,161,143,2422,TIE,NA,NA,NA,NA,NA
607,5,45,['2013-04-17'],69,202,69,field,202,69,2545,202,11,NA,NA,NA,NA
608,5,12,['2013-04-17'],165,571,165,bat,165,571,2975,165,87,NA,NA,NA,NA
609,5,6,['2013-04-18'],161,470,470,bat,470,161,7421,470,86,NA,NA,NA,NA
610,5,26,['2013-04-19'],202,147,147,bat,147,202,3028,202,NA,5,NA,NA,NA
611,5,28,['2013-04-20'],505,470,505,bat,505,470,2481,470,NA,4,NA,NA,NA
612,5,44,['2013-04-20'],143,165,143,field,165,143,3019,143,NA,7,NA,NA,NA
613,5,6,['2013-04-21'],161,571,571,bat,571,161,2829,161,NA,9,NA,NA,NA
614,5,10,['2013-04-21'],147,69,147,field,69,147,8553,147,NA,7,NA,NA,NA
615,5,11,['2013-04-22'],470,165,165,bat,165,470,7421,470,NA,5,NA,NA,NA
616,5,44,['2013-04-23'],143,69,69,field,143,69,9246,143,130,NA,NA,NA,NA
617,5,36,['2013-05-16'],147,161,161,field,147,161,8553,147,7,NA,NA,NA,NA
618,5,28,['2013-04-24'],505,571,505,bat,505,571,9429,571,NA,5,NA,NA,NA
619,5,11,['2013-04-25'],470,202,202,bat,202,470,2235,470,NA,5,NA,NA,NA
620,5,28,['2013-04-26'],505,147,147,bat,147,505,8637,505,NA,6,NA,NA,NA
621,5,12,['2013-04-27'],165,202,202,bat,202,165,7439,165,NA,8,NA,NA,NA
622,5,41,['2013-04-27'],571,143,571,bat,571,143,9429,571,58,NA,NA,NA,NA
623,5,11,['2013-04-28'],470,505,505,field,470,505,7421,470,14,NA,NA,NA,NA
624,5,18,['2013-04-28'],161,69,69,field,161,69,8038,161,15,NA,NA,NA,NA
625,5,12,['2013-04-29'],165,143,165,field,143,165,2926,165,NA,4,NA,NA,NA
626,5,41,['2013-04-29'],571,147,571,bat,571,147,2818,571,4,NA,NA,NA,NA
627,5,27,['2013-04-30'],69,470,470,bat,470,69,2235,470,37,NA,NA,NA,NA
628,5,26,['2013-05-01'],202,571,571,bat,571,202,2753,202,NA,7,NA,NA,NA
629,5,18,['2013-05-01'],161,505,505,bat,505,161,8038,161,NA,7,NA,NA,NA
630,5,11,['2013-05-02'],470,147,470,bat,470,147,2969,470,15,NA,NA,NA,NA
631,5,27,['2013-05-02'],69,143,143,bat,143,69,8304,143,17,NA,NA,NA,NA
632,5,28,['2013-05-03'],505,165,165,bat,165,505,2759,505,NA,8,NA,NA,NA
633,5,26,['2013-05-04'],202,161,161,bat,161,202,5189,202,NA,6,NA,NA,NA
634,5,44,['2013-05-14'],143,147,147,field,143,147,7504,147,NA,7,NA,NA,NA
635,5,41,['2013-05-05'],571,470,571,bat,571,470,7608,571,60,NA,NA,NA,NA
636,5,12,['2013-05-05'],165,69,69,bat,69,165,2975,165,NA,5,NA,NA,NA
637,5,44,['2013-04-09'],143,202,202,bat,202,143,2422,143,NA,7,NA,NA,NA
638,5,12,['2013-05-07'],165,161,161,bat,161,165,2975,165,NA,9,NA,NA,NA
639,5,41,['2013-05-07'],571,505,571,bat,571,505,2998,571,65,NA,NA,NA,NA
640,5,26,['2013-05-08'],202,470,202,field,470,202,2969,470,77,NA,NA,NA,NA
641,5,10,['2013-05-09'],147,165,165,field,147,165,9173,165,NA,8,NA,NA,NA
642,5,27,['2013-05-09'],69,505,505,bat,505,69,2364,505,46,NA,NA,NA,NA
643,5,6,['2013-05-10'],161,143,161,field,143,161,3013,143,4,NA,NA,NA,NA
644,5,27,['2013-05-11'],69,571,69,bat,69,571,7608,571,NA,5,NA,NA,NA
645,5,10,['2013-05-11'],147,202,147,field,202,147,2783,202,30,NA,NA,NA,NA
646,5,8,['2013-05-12'],505,143,505,field,143,505,8637,505,NA,5,NA,NA,NA
647,5,12,['2013-05-12'],165,470,165,field,470,165,8034,165,NA,5,NA,NA,NA
648,5,6,['2013-04-23'],161,147,147,field,161,147,1628,147,NA,5,NA,NA,NA
649,5,41,['2013-05-13'],571,202,202,bat,202,571,9370,571,NA,7,NA,NA,NA
650,5,8,['2013-05-15'],505,69,505,field,69,505,2870,69,7,NA,NA,NA,NA
651,5,11,['2013-05-14'],470,161,470,bat,470,161,2235,470,33,NA,NA,NA,NA
652,5,41,['2013-05-15'],571,165,165,field,571,165,3002,571,14,NA,NA,NA,NA
653,5,10,['2013-05-06'],147,143,147,field,143,147,8553,147,NA,6,NA,NA,NA
654,5,26,['2013-05-17'],202,165,202,bat,202,165,2545,202,23,NA,NA,NA,NA
655,5,36,['2013-05-18'],147,571,571,field,147,571,3049,147,50,NA,NA,NA,NA
656,5,27,['2013-05-19'],69,161,69,bat,69,161,6935,69,38,NA,NA,NA,NA
657,5,44,['2013-05-18'],143,470,470,field,143,470,2422,143,24,NA,NA,NA,NA
658,5,26,['2013-05-19'],202,505,505,bat,505,202,2783,202,NA,5,NA,NA,NA
659,5,6,['2013-05-21'],470,571,470,bat,470,571,7421,470,48,NA,NA,NA,NA
660,5,6,['2013-05-22'],165,202,202,bat,202,165,7484,165,NA,4,NA,NA,NA
661,5,28,['2013-05-24'],571,165,165,bat,165,571,2391,571,NA,4,NA,NA,NA
662,5,28,['2013-05-26'],470,571,571,bat,571,470,9370,571,23,NA,NA,NA,NA
663,5,43,['2014-04-16'],571,505,505,bat,505,571,8637,505,41,NA,NA,NA,NA
664,5,7,['2014-04-17'],161,143,143,field,161,143,2288,143,NA,8,NA,NA,NA
665,5,43,['2014-04-18'],470,147,470,bat,470,147,7624,147,NA,6,NA,NA,NA
666,5,43,['2014-04-18'],202,165,165,field,202,165,2975,165,NA,4,NA,NA,NA
667,5,2,['2014-04-19'],143,571,143,field,571,143,2783,143,NA,7,NA,NA,NA
668,5,2,['2014-04-19'],505,161,505,bat,505,161,8272,161,NA,4,NA,NA,NA
669,5,7,['2014-04-20'],165,147,147,field,165,147,7624,147,NA,7,NA,NA,NA
670,5,43,['2014-04-21'],470,161,470,bat,470,161,2969,470,93,NA,NA,NA,NA
671,5,7,['2014-04-22'],147,202,202,field,147,202,7624,147,72,NA,NA,NA,NA
672,5,2,['2014-04-23'],165,470,165,field,470,165,2481,470,7,NA,NA,NA,NA
673,5,7,['2014-04-24'],143,505,143,field,505,143,7672,505,2,NA,NA,NA,NA
674,5,2,['2014-04-25'],202,161,202,bat,202,161,7422,202,4,NA,NA,NA,NA
675,5,2,['2014-04-25'],470,571,571,bat,571,470,2747,470,NA,7,NA,NA,NA
676,5,43,['2014-04-26'],165,143,165,field,143,165,3006,165,NA,6,NA,NA,NA
677,5,43,['2014-04-26'],505,147,505,field,147,505,2919,147,23,NA,NA,NA,NA
678,5,7,['2014-04-27'],161,571,571,bat,571,161,2563,161,NA,6,NA,NA,NA
679,5,7,['2014-04-27'],202,470,202,bat,202,470,9429,470,NA,5,NA,NA,NA
680,5,2,['2014-04-28'],147,143,147,field,143,147,2919,147,NA,5,NA,NA,NA
681,5,43,['2014-04-29'],505,165,165,bat,165,505,7439,TIE,NA,NA,NA,NA,NA
682,5,2,['2014-04-30'],571,202,571,field,202,571,2401,202,15,NA,NA,NA,NA
683,5,8,['2014-05-02'],470,505,470,bat,470,505,2481,470,34,NA,NA,NA,NA
684,5,41,['2014-05-03'],571,147,147,bat,147,571,1674,571,NA,5,NA,NA,NA
685,5,6,['2014-05-03'],161,165,165,field,161,165,2620,165,NA,7,NA,NA,NA
686,5,44,['2014-05-04'],143,202,143,field,202,143,8304,143,NA,4,NA,NA,NA
687,5,30,['2014-05-05'],165,505,505,field,165,505,3006,165,10,NA,NA,NA,NA
688,5,6,['2014-05-05'],161,470,470,field,161,470,9429,470,NA,8,NA,NA,NA
689,5,41,['2014-05-06'],571,143,143,field,571,143,2818,571,19,NA,NA,NA,NA
690,5,6,['2014-05-07'],161,505,161,bat,161,505,2364,505,NA,8,NA,NA,NA
691,5,40,['2014-05-07'],147,470,470,field,147,470,7624,147,44,NA,NA,NA,NA
692,5,30,['2014-05-08'],165,202,165,field,202,165,2401,202,32,NA,NA,NA,NA
693,5,44,['2014-05-09'],143,147,143,field,147,143,2919,147,32,NA,NA,NA,NA
694,5,6,['2014-05-10'],161,202,202,field,161,202,8845,202,NA,8,NA,NA,NA
695,5,41,['2014-05-10'],571,470,470,field,571,470,9429,470,NA,4,NA,NA,NA
696,5,40,['2014-05-11'],147,505,505,field,147,505,2364,505,NA,9,NA,NA,NA
697,5,44,['2014-05-11'],143,165,143,bat,143,165,7439,165,NA,5,NA,NA,NA
698,5,26,['2014-05-12'],202,571,202,bat,202,571,2864,571,NA,7,NA,NA,NA
699,5,8,['2014-05-13'],470,165,165,bat,165,470,2481,470,NA,5,NA,NA,NA
700,5,44,['2014-05-13'],143,161,161,field,143,161,3273,143,16,NA,NA,NA,NA
701,5,26,['2014-05-14'],202,147,147,field,202,147,2954,147,NA,6,NA,NA,NA
702,5,40,['2014-05-14'],505,571,505,field,571,505,3009,505,NA,6,NA,NA,NA
703,5,30,['2014-05-15'],165,161,161,field,165,161,2975,165,62,NA,NA,NA,NA
704,5,8,['2014-05-18'],470,143,470,bat,470,143,8304,143,NA,5,NA,NA,NA
705,5,26,['2014-05-18'],202,505,202,bat,202,505,3286,505,NA,7,NA,NA,NA
706,5,30,['2014-05-19'],165,571,571,bat,571,165,7421,571,25,NA,NA,NA,NA
707,5,6,['2014-05-19'],161,147,147,field,161,147,2801,147,NA,4,NA,NA,NA
708,5,26,['2014-05-20'],202,143,143,bat,143,202,8038,202,NA,7,NA,NA,NA
709,5,28,['2014-05-20'],505,470,505,field,470,505,3009,505,NA,8,NA,NA,NA
710,5,10,['2014-05-21'],147,571,571,field,147,571,9435,571,NA,7,NA,NA,NA
711,5,28,['2014-05-22'],505,143,143,field,505,143,3009,505,30,NA,NA,NA,NA
712,5,8,['2014-05-22'],470,202,202,field,470,202,8038,202,NA,6,NA,NA,NA
713,5,41,['2014-05-23'],571,161,161,field,571,161,7421,571,15,NA,NA,NA,NA
714,5,10,['2014-05-23'],147,165,165,field,147,165,7653,147,16,NA,NA,NA,NA
715,5,44,['2014-05-24'],143,470,470,field,143,470,2235,470,NA,8,NA,NA,NA
716,5,28,['2014-05-24'],505,202,505,field,202,505,2759,505,NA,4,NA,NA,NA
717,5,10,['2014-05-25'],147,161,147,field,161,147,3016,147,NA,7,NA,NA,NA
718,5,41,['2014-05-25'],571,165,571,field,165,571,1674,571,NA,5,NA,NA,NA
719,5,28,"['2014-05-27,2014-05-28']",147,505,147,field,505,147,3286,505,28,NA,NA,NA,NA
720,5,23,['2014-05-28'],470,571,470,field,571,470,2969,470,NA,7,NA,NA,NA
721,5,41,['2014-05-30'],470,147,470,field,147,470,2829,147,24,NA,NA,NA,NA
722,5,44,['2014-06-01'],505,147,505,field,147,505,2870,505,NA,3,NA,NA,NA
723,5,28,['2015-04-08'],505,571,505,field,571,505,8503,505,NA,7,NA,NA,NA
724,5,11,['2015-04-09'],470,161,161,field,470,161,2603,470,1,NA,NA,NA,NA
725,5,45,['2015-04-10'],147,165,147,field,165,147,7439,165,26,NA,NA,NA,NA
726,5,11,['2015-04-11'],470,202,470,bat,470,202,1916,470,45,NA,NA,NA,NA
727,5,28,['2015-04-11'],505,143,143,field,505,143,9246,143,NA,3,NA,NA,NA
728,5,6,['2015-04-12'],161,165,165,field,161,165,2373,165,NA,3,NA,NA,NA
729,5,41,['2015-04-12'],571,147,571,field,147,571,7271,147,18,NA,NA,NA,NA
730,5,44,['2015-04-13'],143,202,202,field,143,202,8038,202,NA,8,NA,NA,NA
731,5,30,['2015-04-14'],165,571,571,bat,571,165,7901,165,NA,7,NA,NA,NA
732,5,28,['2015-04-30'],505,470,505,field,470,505,9394,505,NA,7,NA,NA,NA
733,5,45,['2015-04-15'],147,161,147,bat,147,161,2148,161,NA,5,NA,NA,NA
734,5,1,['2015-04-16'],202,165,165,field,202,165,2975,165,NA,6,NA,NA,NA
735,5,41,['2015-04-17'],571,470,571,bat,571,470,2603,470,NA,6,NA,NA,NA
736,5,1,['2015-04-18'],202,161,161,bat,161,202,8272,161,4,NA,NA,NA,NA
737,5,45,['2015-04-18'],147,505,505,field,147,505,9394,505,NA,4,NA,NA,NA
738,5,30,['2015-04-19'],165,470,470,bat,470,165,2975,165,NA,8,NA,NA,NA
739,5,44,['2015-04-19'],143,571,143,field,571,143,2391,571,18,NA,NA,NA,NA
740,5,6,['2015-04-20'],161,505,505,field,161,505,3286,505,NA,6,NA,NA,NA
741,5,30,['2015-04-21'],165,147,147,field,165,147,7653,TIE,NA,NA,NA,NA,NA
742,5,1,['2015-04-22'],202,505,505,field,202,505,8038,202,16,NA,NA,NA,NA
743,5,44,['2015-04-22'],143,470,143,field,470,143,2969,470,27,NA,NA,NA,NA
744,5,6,['2015-04-23'],161,571,571,field,161,571,2413,161,37,NA,NA,NA,NA
745,5,30,['2015-04-24'],165,143,143,field,165,143,7878,143,NA,9,NA,NA,NA
746,5,41,['2015-04-25'],571,202,571,bat,571,202,4634,571,20,NA,NA,NA,NA
747,5,11,['2015-04-25'],470,147,470,bat,470,147,1916,470,97,NA,NA,NA,NA
748,5,6,['2015-04-26'],161,143,143,field,161,143,2177,143,NA,10,NA,NA,NA
749,5,10,['2015-04-27'],147,202,147,field,202,147,1698,202,20,NA,NA,NA,NA
750,5,28,['2015-05-07'],505,161,505,bat,505,161,2258,505,13,NA,NA,NA,NA
751,5,44,['2015-04-29'],143,165,165,field,143,165,NA,NA,NA,NA,NA,NA,NA
752,5,11,['2015-04-28'],470,505,505,field,470,505,9129,470,2,NA,NA,NA,NA
753,5,6,['2015-05-01'],161,147,161,field,147,161,7283,161,NA,9,NA,NA,NA
754,5,41,['2015-05-01'],571,165,165,field,571,165,2864,571,8,NA,NA,NA,NA
755,5,44,['2015-05-02'],143,505,143,field,505,143,2571,143,NA,7,NA,NA,NA
756,5,26,['2015-05-02'],202,470,470,field,202,470,8038,202,22,NA,NA,NA,NA
757,5,10,['2015-05-03'],147,571,571,bat,571,147,9435,571,23,NA,NA,NA,NA
758,5,23,['2015-05-03'],165,161,161,field,165,161,2975,165,14,NA,NA,NA,NA
759,5,11,['2015-05-04'],470,143,470,bat,470,143,2969,470,24,NA,NA,NA,NA
760,5,28,['2015-05-04'],505,202,202,field,505,202,3286,505,35,NA,NA,NA,NA
761,5,41,['2015-05-05'],571,161,161,bat,161,571,2391,571,NA,5,NA,NA,NA
762,5,44,['2015-05-06'],143,147,147,field,143,147,9246,143,138,NA,NA,NA,NA
763,5,23,['2015-05-07'],165,202,165,field,202,165,94,202,7,NA,NA,NA,NA
764,5,11,['2015-05-08'],470,571,470,bat,470,571,2855,571,NA,6,NA,NA,NA
765,5,28,['2015-05-09'],505,147,147,bat,147,505,9394,505,NA,1,NA,NA,NA
766,5,18,['2015-05-09'],161,202,202,bat,202,161,7511,202,6,NA,NA,NA,NA
767,5,41,['2015-05-10'],571,143,143,bat,143,571,8304,143,39,NA,NA,NA,NA
768,5,11,['2015-05-10'],470,165,470,bat,470,165,2481,470,12,NA,NA,NA,NA
769,5,26,['2015-05-11'],202,147,202,bat,202,147,8038,202,5,NA,NA,NA,NA
770,5,18,['2015-05-12'],161,470,470,bat,470,161,2451,161,NA,6,NA,NA,NA
771,5,10,['2015-05-13'],147,143,143,field,147,143,2801,147,22,NA,NA,NA,NA
772,5,41,['2015-05-14'],571,505,505,field,571,505,2855,571,5,NA,NA,NA,NA
773,5,26,['2015-05-15'],202,143,202,bat,202,143,2422,143,NA,6,NA,NA,NA
774,5,10,['2015-05-16'],147,470,147,bat,147,470,2604,470,NA,7,NA,NA,NA
775,5,23,['2015-05-16'],165,505,165,bat,165,505,8034,165,9,NA,NA,NA,NA
776,5,44,['2015-05-17'],143,161,143,field,161,143,NA,NA,NA,NA,NA,NA,NA
777,5,26,['2015-05-17'],202,571,202,bat,202,571,1917,571,NA,9,NA,NA,NA
778,5,41,['2015-05-19'],470,571,571,bat,571,470,9370,571,25,NA,NA,NA,NA
779,5,45,['2015-05-20'],143,165,143,bat,143,165,8304,143,71,NA,NA,NA,NA
780,5,8,['2015-05-22'],470,143,470,field,143,470,2603,470,NA,3,NA,NA,NA
781,5,28,['2015-05-24'],571,470,470,field,571,470,2818,571,41,NA,NA,NA,NA
782,5,41,['2016-04-09'],571,370,571,bat,571,370,2975,370,NA,9,NA,NA,NA
783,5,28,['2016-04-10'],505,161,505,field,161,505,9394,505,NA,9,NA,NA,NA
784,5,10,['2016-04-11'],147,531,531,field,147,531,7422,531,NA,5,NA,NA,NA
785,5,44,['2016-04-12'],143,202,202,field,143,202,8304,143,45,NA,NA,NA,NA
786,5,28,['2016-04-13'],505,571,571,field,505,571,2818,571,NA,6,NA,NA,NA
787,5,24,['2016-04-14'],531,370,370,bat,370,531,7422,531,NA,7,NA,NA,NA
788,5,6,['2016-04-15'],161,147,161,field,147,161,2545,161,NA,8,NA,NA,NA
789,5,26,['2016-04-16'],202,505,202,bat,202,505,2364,505,NA,8,NA,NA,NA
790,5,41,['2016-04-16'],571,531,531,field,571,531,7422,531,NA,3,NA,NA,NA
791,5,10,['2016-04-17'],147,370,370,bat,370,147,3016,147,NA,6,NA,NA,NA
792,5,44,['2016-04-17'],143,161,161,field,143,161,8310,161,NA,7,NA,NA,NA
793,5,26,['2016-04-18'],202,571,202,field,571,202,8038,202,NA,7,NA,NA,NA
794,5,10,['2016-04-19'],147,505,505,field,147,505,3009,505,NA,6,NA,NA,NA
795,5,41,['2016-04-20'],571,143,571,field,143,571,2818,571,NA,6,NA,NA,NA
796,5,24,['2016-04-21'],531,202,202,field,531,202,2401,202,NA,10,NA,NA,NA
797,5,45,['2016-04-22'],370,143,370,field,143,370,8304,143,13,NA,NA,NA,NA
798,5,6,['2016-04-23'],161,571,571,field,161,571,2926,161,10,NA,NA,NA,NA
799,5,26,['2016-04-23'],202,147,202,field,147,202,876,202,NA,5,NA,NA,NA
800,5,24,['2016-04-24'],531,143,143,bat,143,531,2422,531,NA,6,NA,NA,NA
801,5,45,['2016-04-24'],370,505,505,field,370,505,3291,505,NA,2,NA,NA,NA
802,5,10,['2016-04-25'],147,571,147,field,571,147,2783,571,25,NA,NA,NA,NA
803,5,26,['2016-04-26'],202,370,370,field,202,370,2226,370,34,NA,NA,NA,NA
804,5,6,['2016-04-27'],161,531,161,field,531,161,8501,531,1,NA,NA,NA,NA
805,5,41,['2016-04-28'],571,505,571,field,505,571,2818,571,NA,6,NA,NA,NA
806,5,45,['2016-04-29'],370,531,531,field,370,531,9429,531,NA,3,NA,NA,NA
807,5,6,['2016-04-30'],161,505,505,field,161,505,9132,161,27,NA,NA,NA,NA
808,5,26,['2016-04-30'],202,143,143,field,202,143,8038,202,15,NA,NA,NA,NA
809,5,24,['2016-05-01'],531,147,531,field,147,531,2801,147,23,NA,NA,NA,NA
810,5,45,['2016-05-01'],370,571,571,field,370,571,2818,571,NA,8,NA,NA,NA
811,5,44,['2016-05-02'],143,505,505,field,143,505,9394,505,NA,5,NA,NA,NA
812,5,24,['2016-05-03'],531,161,161,field,531,161,2852,161,NA,8,NA,NA,NA
813,5,28,['2016-05-04'],505,147,147,field,505,147,9394,505,7,NA,NA,NA,NA
814,5,6,['2016-05-05'],161,370,370,field,161,370,2975,370,NA,7,NA,NA,NA
815,5,26,['2016-05-06'],202,531,202,field,531,202,2401,202,NA,5,NA,NA,NA
816,5,44,['2016-05-07'],143,370,143,field,370,143,2422,143,NA,7,NA,NA,NA
817,5,10,['2016-05-07'],147,161,161,field,147,161,7861,147,9,NA,NA,NA,NA
818,5,1,['2016-05-08'],571,202,571,field,202,571,2603,202,85,NA,NA,NA,NA
819,5,28,['2016-05-08'],505,531,531,field,505,531,186,531,NA,5,NA,NA,NA
820,5,10,['2016-05-09'],147,143,147,field,143,147,8034,143,1,NA,NA,NA,NA
821,5,1,['2016-05-10'],370,202,202,bat,202,370,197,202,4,NA,NA,NA,NA
822,5,44,['2016-05-11'],143,571,571,field,143,571,2854,571,NA,6,NA,NA,NA
823,5,26,['2016-05-12'],202,161,161,field,202,161,8501,161,NA,7,NA,NA,NA
824,5,1,['2016-05-13'],571,147,571,bat,571,147,7861,147,NA,7,NA,NA,NA
825,5,44,['2016-05-14'],143,531,531,field,143,531,8304,143,144,NA,NA,NA,NA
826,5,28,['2016-05-14'],505,370,370,bat,370,505,2759,505,NA,8,NA,NA,NA
827,5,10,['2016-05-15'],147,202,147,bat,147,202,8127,202,NA,7,NA,NA,NA
828,5,1,['2016-05-15'],571,161,161,field,571,161,2854,571,80,NA,NA,NA,NA
829,5,28,['2016-05-16'],505,143,143,field,505,143,2422,143,NA,9,NA,NA,NA
830,5,1,['2016-05-17'],370,161,370,field,161,370,2226,370,19,NA,NA,NA,NA
831,5,44,['2016-05-18'],143,147,147,field,143,147,2422,143,82,NA,NA,NA,NA
832,5,5,['2016-05-19'],531,505,531,field,505,531,9429,531,NA,6,NA,NA,NA
833,5,18,['2016-05-20'],161,202,161,field,202,161,2620,161,NA,6,NA,NA,NA
834,5,1,['2016-05-21'],370,147,147,bat,147,370,2235,370,NA,4,NA,NA,NA
835,5,5,['2016-05-21'],531,571,531,field,571,531,2969,531,NA,6,NA,NA,NA
836,5,28,['2016-05-22'],505,202,202,field,505,202,2759,505,22,NA,NA,NA,NA
837,5,18,['2016-05-22'],161,143,143,field,161,143,2422,143,NA,6,NA,NA,NA
838,5,44,['2016-05-24'],531,143,143,field,531,143,8304,143,NA,4,NA,NA,NA
839,5,6,['2016-05-25'],202,505,505,field,202,505,7511,202,22,NA,NA,NA,NA
840,5,6,['2016-05-27'],531,202,202,field,531,202,8038,202,NA,4,NA,NA,NA
841,5,44,['2016-05-29'],143,202,202,bat,202,143,7256,202,8,NA,NA,NA,NA
